año,replace,géneros,puntuación,duración,idioma,calificación
2022,Z-O-M-B-I-E-S 3,Family Musical Romance,5.3,88 mins,en,NULL
2022,X,Action Horror Mystery Thriller,6.6,105 mins,en,R
2022,Wuthering Heights,Action Drama,5.3,150 mins,en,NULL
2022,Women of the White Buffalo,Action Documentary,6.1,86 mins,en,NULL
2022,Windfall,Action Crime Drama Thriller,5.7,92 mins,en,R
2022,Wifelike,Sci-Fi Thriller,4.9,105 mins,en,R
2022,White Hot: The Rise & Fall of Abercrombie & Fitch,Action Documentary,5.7,88 mins,en,NULL
2022,What Is a Woman?,Action Documentary,8.6,95 mins,en,NULL
2022,Welcome to Mama's,Romance,5.9,84 mins,en,NULL
2022,Wedding Season,Comedy Romance,6.3,98 mins,en,NULL
2022,Wedding Season,Comedy Romance,6.3,98 mins,en,NULL
2022,We Met in Virtual Reality,Action Documentary,5.8,91 mins,en,NULL
2022,Watergate: High Crimes in the White House,Action Documentary,7,120 mins,en,NULL
2022,Watcher,Action Drama Horror Thriller,6.3,91 mins,en,R
2022,Virus-32,Action Horror,5.4,90 mins,es,NULL
2022,Vengeance,Comedy Mystery Thriller,6.8,107 mins,en,R
2022,Vanished: Searching for My Sister,Thriller,5.5,85 mins,en,NULL
2022,VALLDAURA: A Quarantine Cabin,Action Documentary,6.7,79 mins,es,NULL
2022,Untrapped: The Story of Lil Baby,Documentary,5.7,93 mins,en,R
2022,Untold: The Rise and Fall of AND1,Documentary History Sport,6.8,68 mins,en,NULL
2022,Untold: The Girlfriend Who Didn't Exist,Biography Documentary Sport,7.2,124 mins,en,NULL
2022,Unicorn Town,Documentary Drama Sport,9.1,83 mins,en,NULL
2022,Uncharted,Action Adventure,6.4,116 mins,en,PG-13
2022,Tyson's Run,Action Drama,6.1,103 mins,en,PG
2022,Tyler Perry's A Madea Homecoming,Action Comedy Drama Romance,5.6,105 mins,en,NULL
2022,Two Tickets to Paradise,Action Comedy Drama Romance,6.8,84 mins,en,NULL
2022,Turning Red,Action Adventure Animation Comedy Family Fantasy,7,100 mins,en,PG
2022,Trophy Wife,Action Crime Drama,6.9,87 mins,en,NULL
2022,Trevor: The Musical,Action Musical,5.4,113 mins,en,NULL
2022,Toy Aficiao,Action Comedy Romance,6.2,114 mins,es,NULL
2022,Tosh,Documentary,7.7,79 mins,en,NULL
2022,Torn Hearts,Action Drama Horror Music Thriller,5.1,97 mins,en,NULL
2022,Top Gun: Maverick,Action Drama,8.5,130 mins,en,PG-13
2022,Tony Hawk: Until the Wheels Fall Off,Action Biography Documentary Sport,8,135 mins,en,NULL
2022,Tom and Jerry: Cowboy Up!,Adventure Animation Comedy Family Western,5.1,71 mins,en,NULL
2022,Tom Daley: Illegal to Be Me,Documentary,5.5,60 mins,en,NULL
2022,Through My Window,Comedy Drama Romance,5.4,116 mins,es,NULL
2022,Three Months,Action Comedy Drama,6.7,104 mins,en,NULL
2022,This Much I Know to Be True,Documentary Music,7.8,105 mins,en,NULL
2022,This Is Joan Collins,Action Biography Documentary,7.6,96 mins,en,NULL
2022,Thirteen Lives,Action Adventure Biography Drama Thriller,7.8,147 mins,en,PG-13
2022,Thirteen Lives,Action Adventure Biography Drama Thriller,7.8,147 mins,en,PG-13
2022,They Live in the Grey,Action Horror Thriller,5,123 mins,en,NULL
2022,The Wrath of God,Action Drama Thriller,5.7,97 mins,es,NULL
2022,The Winter Palace,Action Romance,6.2,85 mins,en,NULL
2022,The Weekend Away,Action Crime Drama Mystery Thriller,5.6,89 mins,en,NULL
2022,The Wedding Veil Legacy,Action Comedy Romance,7.3,84 mins,en,NULL
2022,The Wall: Climb for Gold,Action Documentary,7.1,96 mins,en,NULL
2022,The Valet,Action Comedy Romance,6.7,124 mins,en,PG-13
2022,The Unbearable Weight of Massive Talent,Action Comedy Crime Thriller,7,107 mins,en,R
2022,The Twin,Action Drama Horror Mystery Thriller,5.2,109 mins,en,NULL
2022,The Tinder Swindler,Action Crime Documentary,7.1,114 mins,en,NULL
2022,The Sound of Scars,Action Documentary,7.7,90 mins,en,NULL
2022,The Sky Is Everywhere,Drama Music Romance,5.6,103 mins,en,PG-13
2022,The Sixth Secret,Action Comedy Horror Mystery,5.6,90 mins,en,NULL
2022,The Second Age of Aquarius,Action Comedy Sci-Fi,5.7,81 mins,en,NULL
2022,The Sea Beast,Action Adventure Animation Comedy Family Fantasy,7.1,115 mins,en,NULL
2022,The Royal Treatment,Comedy Family Romance,5.2,96 mins,en,NULL
2022,The Royal,Biography Sport,6.8,98 mins,en,NULL
2022,The Reunion,Action Drama,4.9,85 mins,en,NULL
2022,The Railway Children Return,Adventure Drama Family,5.5,95 mins,en,PG
2022,The Princess,Action Drama Fantasy Thriller,5.5,94 mins,en,R
2022,The Photographer: Murder in Pinamar,Action Crime Documentary,6.7,106 mins,es,NULL
2022,The Perfect Pairing,Action Family Romance,6.5,82 mins,en,NULL
2022,The Outfit,Action Crime Drama Mystery Thriller,7.1,105 mins,en,R
2022,The Only,Action Documentary Sport,6.6,99 mins,en,NULL
2022,The Northman,Action Adventure Drama Fantasy History Thriller,7.2,137 mins,en,R
2022,The Mystery of Marilyn Monroe: The Unheard Tapes,Action Documentary,6.2,101 mins,en,NULL
2022,The Mystery of Her,Action Drama,5.8,108 mins,en,NULL
2022,The Mulligan,Drama,6.2,125 mins,en,NULL
2022,The Monkey King: The Legend Begins,Action Fantasy,5.7,90 mins,en,NULL
2022,The Modern Way,Action Drama,6.7,88 mins,en,NULL
2022,The Man from Toronto,Action Adventure Comedy Thriller,5.8,110 mins,en,PG-13
2022,The Loyola Project,Action Documentary,7.7,88 mins,en,NULL
2022,The Lost City,Action Adventure Comedy Romance,6.1,112 mins,en,PG-13
2022,The Lost,Action Drama Mystery,4.9,120 mins,en,NULL
2022,The Ledge,Action Thriller,5.1,86 mins,en,NULL
2022,The King's Daughter,Action Adventure Family Fantasy Romance,5.1,90 mins,en,PG
2022,The Journey Ahead,Adventure Drama Romance,6.8,102 mins,en,NULL
2022,The Janes,Action Documentary,7.2,101 mins,en,NULL
2022,The Issue with Elvis,Action Drama,5.1,88 mins,en,NULL
2022,The Irish Connection,Action Adventure,6.2,93 mins,en,NULL
2022,The Inside Outtakes,Action Comedy Drama Musical,8.1,63 mins,en,NULL
2022,The In Between,Drama Romance Sci-Fi,5.9,115 mins,en,PG-13
2022,The Hyperions,Action Comedy Sci-Fi,5.4,90 mins,en,R
2022,The House,Action Animation Comedy Drama Mystery Thriller,6.8,97 mins,en,NULL
2022,The Highwayman,Action Adventure,5.6,85 mins,en,NULL
2022,The Hall: Honoring the Greats of Stand-Up,Action Comedy,6.3,70 mins,en,NULL
2022,The Great American Tag Sale with Martha Stewart,Action,5.6,60 mins,en,NULL
2022,The Gray Man,Action Thriller,6.5,122 mins,en,PG-13
2022,The Good Neighbor,Action Thriller,6.1,97 mins,en,R
2022,The Finellis Movie,Action Comedy,7.2,90 mins,en,NULL
2022,The Figo Affair: The Transfer that Changed Football,Documentary Sport,7.2,105 mins,en,NULL
2022,The Disruptors,Action Documentary,8.3,98 mins,en,NULL
2022,The Day the Music Died/American Pie,Documentary,7.1,94 mins,en,NULL
2022,The Contractor,Action Thriller,5.8,103 mins,en,R
2022,The Cellar,Action Horror,5.2,94 mins,en,NULL
2022,The Bob's Burgers Movie,Adventure Animation Comedy Musical,7,102 mins,en,PG-13
2022,The Batman,Action Crime Drama Mystery,7.9,176 mins,en,PG-13
2022,The Batman,Action Crime Drama Mystery,7.9,176 mins,en,PG-13
2022,The Bad Guys,Action Adventure Animation Comedy Crime Family,6.8,100 mins,en,PG
2022,The Adventures of Peanut and Pig,Action Animation,4.9,75 mins,en,NULL
2022,The Adam Project,Action Adventure Comedy Sci-Fi,6.7,106 mins,en,PG-13
2022,The 75th Annual Tony Awards,Action Reality-TV,5.6,138 mins,en,NULL
2022,The 64th Annual Grammy Awards,Action Music,5,153 mins,en,NULL
2022,The 49th Annual Daytime Emmy Awards,Action News Reality-TV,8.2,94 mins,en,NULL
2022,The 355,Action Thriller,5.4,122 mins,en,PG-13
2022,The 28th Annual Screen Actors Guild Awards,Action,6,98 mins,en,NULL
2022,That's Amor,Comedy Romance,5.2,96 mins,en,NULL
2022,Terry Bradshaw: Going Deep,Action Biography Documentary Sport,6.3,74 mins,en,NULL
2022,Terror on the Prairie,Action Drama Thriller Western,5.7,107 mins,en,NULL
2022,Teen Titans Go! & DC Super Hero Girls: Mayhem in the Multiverse,Action Adventure Animation Comedy Family Fantasy Sci-Fi,5.3,79 mins,en,NULL
2022,Taylor Tomlinson: Look at You,Comedy Documentary,7.3,60 mins,en,NULL
2022,Tankhouse,Action Comedy,5.4,94 mins,en,R
2022,Take the Night,Action Crime Drama Thriller,5.6,82 mins,en,PG-13
2022,Sweet as Pie,Comedy Romance,6.4,94 mins,en,NULL
2022,Swap Me Baby,Action Comedy,5.4,82 mins,en,NULL
2022,Surviving Paradise: A Family Tale,Action Documentary,7.5,78 mins,en,NULL
2022,Super Turnt,Action Drama,5.2,104 mins,en,NULL
2022,Super Turnt,Action Drama,5.2,104 mins,en,NULL
2022,Studio 666,Action Comedy Horror Music,5.7,106 mins,en,R
2022,Stroke of Luck,Action Comedy,4.9,81 mins,en,NULL
2022,Step Into... The Movies,Action Music,7.5,60 mins,en,NULL
2022,Stay on Board: The Leo Baker Story,Documentary Sport,6.2,72 mins,en,NULL
2022,Stand Out: An LGBTQ+ Celebration,Action Comedy Documentary,5.9,96 mins,en,NULL
2022,Spring Awakening: Those You've Known,Action Documentary Musical,8,83 mins,en,NULL
2022,Spin Me Round,Comedy,5.1,104 mins,en,NULL
2022,Spiderhead,Action Crime Drama Sci-Fi Thriller,5.4,106 mins,en,R
2022,South Park: The 25th Anniversary Concert,Animation Comedy Music,7.9,99 mins,en,NULL
2022,Sonic the Hedgehog 2,Action Adventure Animation Comedy Family Fantasy Sci-Fi,6.5,122 mins,en,PG
2022,Snoop Dogg's F*Cn Around Comedy Special,Action Comedy Documentary,5.2,67 mins,en,NULL
2022,Slash/Back,Action Adventure Sci-Fi,5.4,86 mins,en,NULL
2022,Single Black Female,Drama Horror Thriller,5.2,88 mins,en,NULL
2022,Silverton Siege,Action Crime Drama Thriller,6.2,100 mins,en,NULL
2022,Shut In,Action Drama Horror Thriller,5.9,89 mins,en,NULL
2022,Sheryl,Action Documentary Music,6.8,94 mins,en,NULL
2022,Shattered,Thriller,5,92 mins,en,R
2022,Shane,Action Documentary Sport,7.1,95 mins,en,NULL
2022,Sex Appeal,Action Comedy Drama Romance,5.3,90 mins,en,NULL
2022,Senior Year,Action Comedy Drama,5.5,111 mins,en,NULL
2022,Seize the Night,Action Drama Thriller,4.9,87 mins,en,NULL
2022,Secret Headquarters,Action Adventure Comedy Family Sci-Fi,4.9,104 mins,en,PG
2022,Scream,Horror Mystery Thriller,6.3,114 mins,en,R
2022,Save the Cinema,Action Drama,6.5,109 mins,en,NULL
2022,Samaritan,Action Drama Fantasy Sci-Fi,5.8,102 mins,en,PG-13
2022,Salesmen,Action Comedy,6.1,81 mins,en,NULL
2022,Running with the Devil: The Wild World of John McAfee,Crime Documentary,6,105 mins,en,NULL
2022,Run & Gun,Action Thriller,5.2,96 mins,en,R
2022,Rooney,Documentary Sport,6.8,103 mins,en,NULL
2022,Ronny Chieng: Speakeasy,Action Comedy Documentary,6.3,60 mins,en,NULL
2022,Romance to the Rescue,Action Comedy Drama Family Romance,5.6,87 mins,en,NULL
2022,Rogue Agent,Action Drama Thriller,6.3,115 mins,en,NULL
2022,Road Trip Romance,Action Comedy Drama Family Romance,4.9,83 mins,en,NULL
2022,Road Trip Romance,Action Comedy Drama Family Romance,4.9,83 mins,en,NULL
2022,River Road,Action Drama Thriller,6.9,88 mins,en,NULL
2022,Rise of the Teenage Mutant Ninja Turtles: The Movie,Action Adventure Animation Comedy Drama Family Fantasy Sci-Fi,5.8,82 mins,en,NULL
2022,Rise,Action Biography Drama Sport,7,113 mins,en,PG
2022,Rip in Time,Action Comedy Drama Fantasy Romance,6.8,84 mins,en,NULL
2022,Ricky Gervais: SuperNature,Action Comedy,7.6,64 mins,en,NULL
2022,Ricky Gervais: SuperNature,Action Comedy,7.6,64 mins,en,NULL
2022,Ricardo Quevedo: Tomorrow Will Be Worse,Comedy,5.2,60 mins,es,NULL
2022,Return to Space,Action Documentary,7.3,128 mins,en,NULL
2022,Resurrection,Crime Drama Horror Mystery Thriller,5.9,103 mins,en,NULL
2022,Resisting Roots,Drama Romance,5.5,91 mins,en,NULL
2022,Rescued by Ruby,Action Biography Drama Family,7.1,90 mins,en,NULL
2022,Redeeming Love,Action Drama History Romance,6.6,134 mins,en,PG-13
2022,Ray Donovan: The Movie,Action Drama,6.8,100 mins,en,NULL
2022,Ranveer vs. Wild with Bear Grylls,Documentary,6.6,70 mins,en,NULL
2022,Randy Rhoads: Reflections of a Guitar Icon,Documentary,8,85 mins,en,NULL
2022,Radford Returns,Documentary Reality-TV,5.6,120 mins,en,NULL
2022,Putting Love to the Test,Action Romance,5.6,91 mins,en,NULL
2022,Purple Hearts,Drama Music Romance,6.7,122 mins,en,NULL
2022,Proyecto Emperador,Drama Thriller,5.8,106 mins,es,NULL
2022,Prizefighter: The Life of Jem Belcher,Biography,5.4,107 mins,en,NULL
2022,Pride Jewel,Action Thriller,6.5,96 mins,en,NULL
2022,Prey,Action Adventure Drama Horror Sci-Fi Thriller,7.2,99 mins,en,R
2022,Press Play,Action Music Romance Sci-Fi,5.8,85 mins,en,PG-13
2022,Presence of Love,Action Family Romance,7,84 mins,en,NULL
2022,Polar Bear,Action Documentary,6.9,84 mins,en,PG
2022,Planning on Forever,Romance,6.1,90 mins,en,NULL
2022,Picabo,Action Documentary,7,91 mins,en,NULL
2022,Persuasion,Action Drama Romance,5.7,107 mins,en,PG
2022,Paws of Fury: The Legend of Hank,Action Animation Comedy Family,5.6,98 mins,en,PG
2022,Paulie Go!,Action Comedy,5.3,86 mins,en,NULL
2022,Paul Virzi: Nocturnal Admissions,Action Comedy,7,65 mins,en,NULL
2022,Paradise Highway,Thriller,5.4,115 mins,en,R
2022,Our Father,Action Crime Documentary,6.6,97 mins,en,NULL
2022,Orphan: First Kill,Action Crime Drama Horror Mystery Thriller,6,99 mins,en,R
2022,Olivia Rodrigo: driving home 2 u (a SOUR film),Action Biography Documentary Music,7.1,76 mins,en,NULL
2022,Octopus Pot,Action Drama,5,87 mins,en,NULL
2022,Nude Tuesday,Action Comedy Drama Romance,5.7,90 mins,en,NULL
2022,Not Okay,Comedy Drama,6,100 mins,en,R
2022,Not Just a Girl,Action Biography Documentary Music,7,88 mins,en,NULL
2022,North to Home,Action Drama,7.2,84 mins,en,NULL
2022,North of the 10,Action Comedy Drama,6.1,154 mins,en,NULL
2022,Norm Macdonald: Nothing Special,Action Comedy,7.6,86 mins,en,NULL
2022,Nope,Horror Mystery Sci-Fi Thriller,7.1,130 mins,en,R
2022,No Woman No Try,Action Documentary,6.1,63 mins,en,NULL
2022,No Name and Dynamite Davenport,Action Western,5.3,91 mins,en,NULL
2022,No Exit,Action Drama Horror Mystery Thriller,6.1,95 mins,en,R
2022,Never Alone,Action Drama Musical,6,84 mins,en,NULL
2022,Navalny,Action Biography Documentary,7.4,98 mins,en,R
2022,My Grown-Up Christmas List,Comedy Romance,6.5,84 mins,en,NULL
2022,My Fake Boyfriend,Action Comedy Romance,4.9,100 mins,en,R
2022,Murder at Yellowstone City,Action Western,5,127 mins,en,NULL
2022,Mrs Harris Goes to Paris,Comedy Drama,7.1,115 mins,en,NULL
2022,Mr. Malcolm's List,Comedy Drama Romance,5.4,117 mins,en,PG
2022,Movers Ultimate,Comedy,6.2,91 mins,en,NULL
2022,Mother's Love,Action Comedy,5.8,110 mins,es,NULL
2022,Moses Storm: Trash White,Action Comedy,7.3,60 mins,en,NULL
2022,Moriah's Lighthouse,Action Comedy Romance,6.4,84 mins,en,NULL
2022,More Than Robots,Documentary,6,89 mins,en,NULL
2022,Morbius,Action Adventure Horror Sci-Fi Thriller,5.2,104 mins,en,PG-13
2022,Moonshot,Action Comedy Romance Sci-Fi,5.5,104 mins,en,PG-13
2022,Moonfall,Action Adventure Sci-Fi,5.2,130 mins,en,PG-13
2022,Moon Manor,Action Biography Comedy Drama,5.3,103 mins,en,NULL
2022,Mo Gilligan: There's Mo to Life,Action Comedy,5.9,65 mins,en,NULL
2022,Minions: The Rise of Gru,Adventure Animation Comedy Crime Family Sci-Fi,6.6,87 mins,en,PG
2022,Metal Lords,Action Comedy Drama Music,6.7,97 mins,en,R
2022,Men,Action Drama Fantasy Horror Sci-Fi,6.1,100 mins,en,R
2022,Memory,Action Crime Thriller,5.6,114 mins,en,R
2022,Me Time,Comedy,5,101 mins,en,R
2022,Master,Action Drama Horror Mystery Thriller,5,98 mins,en,R
2022,Marry Me,Comedy Music Romance,6.1,112 mins,en,PG-13
2022,Malicious Mind Games,Action Thriller,4.9,83 mins,en,NULL
2022,Machine Gun Kelly's Life in Pink,Action Documentary Music,6,101 mins,en,NULL
2022,Lucy and Desi,Action Biography Comedy Documentary Drama History,7.8,103 mins,en,PG
2022,Luck,Adventure Animation Comedy Family Fantasy,6.3,105 mins,en,NULL
2022,Luck,Adventure Animation Comedy Family Fantasy,6.3,105 mins,en,NULL
2022,Low Life,Crime Drama Thriller,5.4,105 mins,en,NULL
2022,Loving Highsmith,Documentary,7.1,83 mins,en,NULL
2022,Love Fashion Repeat,Romance,6.7,90 mins,en,NULL
2022,Love Classified,Action Comedy Family Romance,6.1,90 mins,en,NULL
2022,Love on Fire,Action Comedy Romance,5.6,83 mins,en,NULL
2022,Love in the Limelight,Comedy Romance,6.5,84 mins,en,NULL
2022,Love You Anyway,Action Drama,5.3,80 mins,en,NULL
2022,Love Under the Lemon Tree,Action Comedy Romance,6.2,88 mins,en,NULL
2022,Love Accidentally,Action Comedy Romance,5.3,85 mins,en,NULL
2022,Love Accidentally,Action Comedy Romance,5.3,85 mins,en,NULL
2022,Love & Gelato,Action Comedy Drama Romance,5.1,110 mins,en,NULL
2022,Lotawana,Action Adventure Drama,5.3,97 mins,en,NULL
2022,Lost Angel,Action Thriller,5,90 mins,en,NULL
2022,Losing Addison,Action Thriller,5.3,90 mins,en,NULL
2022,Los Tigres Del Norte: Stories to Tell,Action Documentary,8.1,105 mins,es,NULL
2022,Look at Me: XXXTentacion,Action Documentary Music,7.3,108 mins,en,NULL
2022,Look Both Ways,Comedy Drama Romance,6.3,110 mins,en,NULL
2022,Look Both Ways,Comedy Drama Romance,6.3,110 mins,en,NULL
2022,Line Sisters,Adventure Comedy Drama Horror Thriller,5.4,86 mins,en,NULL
2022,Lightyear,Action Adventure Animation Drama Family Sci-Fi,5.8,100 mins,en,PG
2022,Life After You,Action Drama,7,90 mins,en,R
2022,Lie Hard,Action Comedy,5.4,89 mins,en,NULL
2022,Lie Hard,Action Comedy,5.4,89 mins,en,NULL
2022,Leave No Trace,Action Documentary,6.9,108 mins,en,NULL
2022,Last Seen Alive,Action Drama Mystery Thriller,5.6,95 mins,en,R
2022,Last Seen Alive,Action Drama Thriller,5.6,95 mins,en,R
2022,Last Exit: Space,Action Documentary,5.7,80 mins,en,NULL
2022,Lancaster,Documentary,7.6,110 mins,en,NULL
2022,King Tweety,Action Adventure Animation Comedy Family Fantasy Mystery,5.4,81 mins,en,NULL
2022,Kimi,Action Crime Drama Thriller,6.3,89 mins,en,R
2022,Killer Ambition,Thriller,4.9,85 mins,en,NULL
2022,Kick Like Tayla,Action Documentary,5.7,60 mins,en,NULL
2022,Katrina Babies,Documentary,7.2,79 mins,en,NULL
2022,Just One Kiss,Action Comedy Drama Romance,6.8,85 mins,en,NULL
2022,Jurassic World Dominion,Action Adventure Sci-Fi Thriller,5.7,147 mins,en,PG-13
2022,Junkyard Dogs,Comedy Family,5.3,89 mins,en,NULL
2022,Joyride,Drama,5.9,94 mins,en,NULL
2022,Jon Stewart: The Kennedy Center Mark Twain Prize for American Humor,Action Comedy,7.4,120 mins,en,NULL
2022,Joel Kim Booster: Psychosexual,Action Comedy Documentary,5.6,67 mins,en,NULL
2022,Jessie and the Elf Boy,Action Family,6.5,83 mins,en,NULL
2022,Jerry and Marge Go Large,Action Biography Comedy Drama,6.9,96 mins,en,PG-13
2022,Jeff Foxworthy: The Good Old Days,Biography Comedy Documentary,6.1,60 mins,en,NULL
2022,Jazz Fest: A New Orleans Story,Documentary Music,7.3,95 mins,en,PG-13
2022,Jane Fonda & Lily Tomlin: Ladies Night Live,Action Comedy Documentary,5.5,60 mins,en,NULL
2022,Jackass Shark Week 2.0,Comedy Documentary Reality-TV,5.5,60 mins,en,NULL
2022,Jackass Forever,Action Comedy Documentary,6.9,96 mins,en,R
2022,Jackass 4.5,Action Comedy Documentary,6.5,90 mins,en,NULL
2022,Jackass 4.5,Action Comedy Documentary,6.5,90 mins,en,NULL
2022,It Snows All the Time,Drama,5.8,90 mins,en,NULL
2022,Inside the Mind of a Cat,Documentary,7,67 mins,en,NULL
2022,Infinite Storm,Action Drama Thriller,5.1,97 mins,en,R
2022,In Search of Tomorrow,Documentary Sci-Fi,7.9,305 mins,en,NULL
2022,Icahn: The Restless Billionaire,Action Biography Documentary,7,101 mins,en,NULL
2022,I Challenger,Action Comedy,5.8,98 mins,en,NULL
2022,I Want You Back,Action Comedy Romance,6.6,116 mins,en,R
2022,I Love My Dad,Action Comedy,6.3,96 mins,en,R
2022,I Do (But I Don't),Comedy Drama Romance,5.5,97 mins,en,NULL
2022,Hustle,Action Comedy Drama Sport,7.3,117 mins,en,R
2022,Hunting Souls,Action Horror,5,97 mins,en,NULL
2022,How to Please a Woman,Action Drama,6.1,107 mins,en,NULL
2022,How Did We Get Here?,Action Biography Documentary,7.1,90 mins,en,NULL
2022,Honor Society,Action Comedy,6.5,98 mins,en,NULL
2022,Home2Home,Action Adventure,7.4,111 mins,en,NULL
2022,Home Team,Action Comedy Sport,6,95 mins,en,PG
2022,Holy Heist,Action Documentary,6.1,85 mins,en,NULL
2022,Hollywood Stargirl,Action Comedy Drama Family Musical Romance,5.7,105 mins,en,PG
2022,Hidden Gems,Action Comedy Romance,6.5,85 mins,en,NULL
2022,Here Out West,Drama,7.1,120 mins,en,NULL
2022,Her Private Hell,Action Drama,4.9,84 mins,en,NULL
2022,Hello Goodbye and Everything in Between,Comedy Drama Romance,4.9,82 mins,en,NULL
2022,Hello Bookstore,Documentary,8,86 mins,en,NULL
2022,Heart of the Matter,Action Drama Romance,6.6,85 mins,en,NULL
2022,Harry Potter 20th Anniversary: Return to Hogwarts,Action Documentary Family,8,102 mins,en,NULL
2022,Harmony in Paradise,Romance,6.6,86 mins,en,NULL
2022,Harmony from the Heart,Action Comedy Romance,6.4,87 mins,en,NULL
2022,Halftime,Action Biography Documentary Music,6.5,95 mins,en,NULL
2022,Groundswell,Comedy Family Romance,6.5,84 mins,en,NULL
2022,Green Lantern: Beware My Power,Adventure Animation Sci-Fi,6,88 mins,en,PG-13
2022,Good Luck to You Leo Grande,Action Comedy Drama,7.2,97 mins,en,R
2022,Gone in the Night,Mystery Thriller,4.9,90 mins,en,R
2022,GoldenEra,Action Documentary,6.9,99 mins,en,NULL
2022,Gold,Action Thriller,5.4,97 mins,en,R
2022,God's Waiting Room,Action Drama,5.8,95 mins,en,NULL
2022,Glorious,Horror Thriller,5.5,79 mins,en,NULL
2022,Girl in the Picture,Action Crime Documentary Mystery,7.2,101 mins,en,NULL
2022,Gerry Anderson: A Life Uncharted,Action Documentary,7.4,88 mins,en,NULL
2022,Gatlopp,Action Comedy Horror,5.9,80 mins,en,NULL
2022,Gamestop: Rise of the Players,Action Documentary,5.8,94 mins,en,R
2022,Game Set Love,Comedy Drama Family Romance,5.8,84 mins,en,NULL
2022,Gabriel's Rapture: Part Two,Action Romance,5.7,102 mins,en,NULL
2022,Gabriel's Rapture: Part Three,Romance,6.1,120 mins,en,NULL
2022,Gabby Giffords Won't Back Down,Documentary,6.2,98 mins,en,PG-13
2022,Funny Pages,Comedy,6.4,86 mins,en,R
2022,Fresh,Action Comedy Horror Thriller,6.7,114 mins,en,R
2022,Freedom Uncut,Documentary Music,8.3,87 mins,en,NULL
2022,Frank and Penelope,Thriller,5.3,112 mins,en,R
2022,Fourth of July,Comedy Drama,7.1,90 mins,en,NULL
2022,Found Wandering Lost,Drama Thriller,5.7,99 mins,en,NULL
2022,Flux Gourmet,Action Comedy Drama Horror,5.8,111 mins,en,NULL
2022,Floodlights,Action Drama,7.5,80 mins,en,NULL
2022,Fittest on Earth: Next Gen,Action Documentary,5.9,118 mins,en,NULL
2022,Fireheart,Adventure Animation Comedy Family,6.1,92 mins,en,NULL
2022,Fire Island,Action Comedy Romance,6.7,105 mins,en,NULL
2022,Finding Carlos,Action Drama Family Music,4.9,85 mins,en,NULL
2022,Feeling Butterflies,Comedy Drama Romance,6.4,83 mins,en,NULL
2022,Father of the Bride,Action Comedy Drama Fantasy Romance,5.9,117 mins,en,PG-13
2022,Father Stu,Action Biography Drama,6.4,124 mins,en,R
2022,Fantastic Beasts: The Secrets of Dumbledore,Action Adventure Family Fantasy,6.2,142 mins,en,PG-13
2022,Family Squares,Action Comedy Drama,5.5,95 mins,en,R
2022,Family Camp,Action Comedy Family,4.9,111 mins,en,PG
2022,Facing Nolan,Documentary,8,102 mins,en,NULL
2022,Exposure 36,Action Sci-Fi Thriller,5.1,92 mins,en,NULL
2022,Explorer,Documentary,8.1,140 mins,en,NULL
2022,Everything Everywhere All at Once,Action Adventure Comedy Fantasy Sci-Fi,8.2,139 mins,en,R
2022,Erzulie,Action Adventure Fantasy,6,86 mins,en,NULL
2022,Endangered,Action Documentary,6.2,90 mins,en,NULL
2022,Emergency,Action Comedy Drama Thriller,6.1,105 mins,en,R
2022,Elvis,Biography Drama Music,7.6,159 mins,en,PG-13
2022,Elizabeth: The Unseen Queen,Action Documentary,7.3,76 mins,en,NULL
2022,Elizabeth: A Portrait in Part(s),Documentary,5.7,89 mins,en,NULL
2022,Elizabeth Windsor,Action Documentary,6.5,90 mins,en,NULL
2022,El Rezador,Action Thriller,5.3,96 mins,es,NULL
2022,Eddie Izzard: Wunderbar,Action Comedy,6.4,78 mins,en,NULL
2022,Easter Sunday,Action Comedy,5.3,96 mins,en,NULL
2022,Dying for Chocolate: A Curious Caterer Mystery,Action Crime Mystery,6.6,84 mins,en,NULL
2022,Due Season,Action Drama,5.7,93 mins,en,NULL
2022,Dual,Action Sci-Fi Thriller,5.8,94 mins,en,R
2022,Downton Abbey: A New Era,Action Drama Romance,7.5,124 mins,en,PG
2022,Downfall: The Case Against Boeing,Action Documentary,7.4,89 mins,en,PG-13
2022,Donkeyhead,Action Drama,6.1,106 mins,en,NULL
2022,Don't Make Me Go,Action Drama,6.6,109 mins,en,R
2022,Dog,Comedy Drama,6.5,101 mins,en,PG-13
2022,Doctor Strange in the Multiverse of Madness,Action Adventure Fantasy Horror Sci-Fi,7,126 mins,en,PG-13
2022,Dirty Daddy: The Bob Saget Tribute,Action Comedy,6.5,83 mins,en,NULL
2022,Dinosaurs - The Final Day with David Attenborough,Action Documentary,7.4,90 mins,en,NULL
2022,Diamond Hands: The Legend of WallStreetBets,Action Documentary,5.5,89 mins,en,NULL
2022,Deep in the Heart: A Texas Wildlife Story,Action Documentary,7.6,101 mins,en,NULL
2022,Deep Water,Drama Mystery Thriller,5.4,115 mins,en,R
2022,Death on the Nile,Crime Drama Mystery,6.3,127 mins,en,PG-13
2022,Day Shift,Action Comedy Fantasy Horror Thriller,6.1,113 mins,en,R
2022,David Spade: Nothing Personal,Action Comedy Documentary,5.8,66 mins,en,NULL
2022,David A. Arnold: It Ain't for the Weak,Comedy Documentary,6.5,78 mins,en,NULL
2022,Dating the Delaneys,Drama Romance,7,84 mins,en,NULL
2022,Dancing on Glass,Action Drama Thriller,5.5,137 mins,es,NULL
2022,Dakota,Action Family,6,96 mins,en,NULL
2022,DC League of Super-Pets,Action Adventure Animation Comedy Crime Family Fantasy Sci-Fi,7.6,105 mins,en,PG
2022,Cypress Hill: Insane in the Brain,Action Documentary,7.1,89 mins,en,NULL
2022,Curse of the Macbeths,Thriller,4.9,82 mins,en,NULL
2022,Crush,Action Comedy Romance,6.2,93 mins,en,NULL
2022,Cristela Alonzo: Middle Classy,Action Comedy Documentary,6.7,60 mins,en,NULL
2022,Crimes of the Future,Action Drama Horror Sci-Fi,5.9,107 mins,en,R
2022,County Line: All In,Action Crime Mystery,4.9,86 mins,en,NULL
2022,Clowning,Action Crime Romance,5.3,96 mins,en,NULL
2022,Civil: Ben Crump,Action Biography Documentary,5.4,101 mins,en,NULL
2022,City of Vultures 3,Action Thriller,5.5,83 mins,en,NULL
2022,City of Vultures 2,Action Thriller,6.1,95 mins,en,NULL
2022,Christmas in Toyland,Comedy Romance,6.5,85 mins,en,NULL
2022,Christina P.: Mom Genes,Action Comedy Documentary,5.9,62 mins,en,NULL
2022,Chip 'n Dale: Rescue Rangers,Action Adventure Animation Comedy Family Mystery,7,97 mins,en,PG
2022,Chickenhare and the Hamster of Darkness,Adventure Animation Comedy Family,6.3,91 mins,en,NULL
2022,Chernobyl: The Lost Tapes,Action Documentary History,8,96 mins,en,NULL
2022,Cha Cha Real Smooth,Action Comedy Drama,7.3,107 mins,en,R
2022,Centaur,Action Adventure Crime Thriller,5.3,89 mins,es,NULL
2022,Cave Rescue,Drama,5.4,99 mins,en,PG-13
2022,Caught in His Web,Action Drama Thriller,5.5,84 mins,en,NULL
2022,Catwoman: Hunted,Action Animation Crime Sci-Fi,5.5,78 mins,en,PG-13
2022,Catherine Cohen: The Twist...? She's Gorgeous,Action Comedy Documentary,5,61 mins,en,NULL
2022,Carole King & James Taylor: Just Call Out My Name,Action Documentary Music,8.1,90 mins,en,NULL
2022,Butlers in Love,Comedy Romance,6,84 mins,en,NULL
2022,Burn,Action Crime Thriller,5.1,99 mins,en,NULL
2022,Burden,Action Drama Romance,5.9,95 mins,en,NULL
2022,Brut Force,Action Thriller,5.9,93 mins,en,NULL
2022,Brian and Charles,Comedy,6.7,90 mins,en,PG
2022,Borrego,Thriller,5.5,102 mins,en,R
2022,Boon,Action Crime Drama Mystery Thriller,5,95 mins,en,NULL
2022,Book of Love,Comedy Romance,5.5,106 mins,en,NULL
2022,Block Party,Action Comedy,5.9,90 mins,en,NULL
2022,Bill Maher: #Adulting,Action Comedy,6,67 mins,en,NULL
2022,Bill Burr: Live at Red Rocks,Comedy Documentary,7.7,82 mins,en,NULL
2022,Biffy Clyro: Cultural Sons of Scotland,Documentary Music,7.7,66 mins,en,NULL
2022,Beyond Impossible,Action Documentary,5,82 mins,en,NULL
2022,Better Nate Than Ever,Action Comedy Drama Family Musical,6.2,94 mins,en,PG
2022,Benjamin Franklin,Action Biography Documentary History,8.3,225 mins,en,NULL
2022,Belle Vie,Action Documentary,8,77 mins,en,NULL
2022,Beavis and Butt-Head Do the Universe,Action Animation Comedy,7,87 mins,en,NULL
2022,Bear Witness,Action Documentary,6.9,83 mins,en,NULL
2022,Bank Robbers: The Last Great Heist,Crime Documentary,7.1,109 mins,es,NULL
2022,Backpackers,Action Comedy Romance,5.7,96 mins,es,NULL
2022,Assailant,Action Thriller,5.4,97 mins,en,R
2022,As They Made Us,Action Drama,5.7,100 mins,en,R
2022,Apollo 10u00bd: A Space Age Childhood,Action Adventure Animation Drama Family Sci-Fi,7.3,97 mins,en,PG-13
2022,Anything's Possible,Romance,5.1,96 mins,en,PG-13
2022,And Just Like That... The Documentary,Action Documentary,6.6,70 mins,en,NULL
2022,American Werewolves,Action Horror,5.1,80 mins,en,NULL
2022,American Experience Plague at the Golden Gate,Biography Documentary History,7.5,115 mins,en,NULL
2022,American Experience Plague at the Golden Gate,Biography Documentary History,7.5,115 mins,en,NULL
2022,American Carnage,Action Comedy Horror Mystery,4.9,101 mins,en,R
2022,Ambulance,Action Crime Drama Thriller,6.1,136 mins,en,R
2022,Along for the Ride,Action Drama Romance,6.1,106 mins,en,NULL
2022,Alone Together,Drama Romance,5.1,93 mins,en,R
2022,Aloha with Love,Action Comedy Drama Romance,5.9,90 mins,en,NULL
2022,All the Old Knives,Action Mystery Thriller,6.1,101 mins,en,R
2022,Against the Ice,Action Adventure Drama History,6.5,102 mins,en,NULL
2022,Aftershock,Documentary,5.8,86 mins,en,NULL
2022,After Yang,Drama Sci-Fi,6.6,96 mins,en,PG
2022,After Jackie,Action Documentary,7.2,87 mins,en,NULL
2022,Adeline,Drama,7,97 mins,en,NULL
2022,A Violent Man,Crime,4.9,105 mins,en,NULL
2022,A Tear in the Sky,Action Documentary,4.9,88 mins,en,NULL
2022,A Tail of Love,Action Family Romance,6.5,87 mins,en,NULL
2022,A Splash of Love,Comedy Romance,6,84 mins,en,NULL
2022,A Second Chance at Love,Action Romance,6.1,84 mins,en,NULL
2022,A Royal Runaway Romance,Action Comedy Romance,6.8,84 mins,en,NULL
2022,A Perfect Pairing,Action Comedy Romance,6.1,101 mins,en,NULL
2022,A Genie's Tail,Action Comedy Family,5.3,89 mins,en,NULL
2022,A Cowgirl's Song,Action Drama Music,5.1,93 mins,en,PG
2022,2022 Oscar Nominated Short Films: Animation,Action Animation,6,96 mins,en,NULL
2022,2000 Mules,Action Documentary,6.2,89 mins,en,NULL
2022,13: The Musical,Comedy Drama Family Musical,5.1,91 mins,en,PG
2022,11M: Terror in Madrid,Action Documentary,6.9,92 mins,es,NULL
2021,u00a1A todo tren! Destino Asturias,Action Comedy,5.2,90 mins,es,NULL
2021,tick tick... BOOM!,Action Biography Drama Musical,7.5,120 mins,en,PG-13
2021,iGilbert,Action Drama,5.2,90 mins,en,NULL
2021,Zone 414,Action Sci-Fi Thriller,4.9,98 mins,en,R
2021,Zoey's Extraordinary Christmas,Action Comedy Drama Fantasy Musical,7.3,99 mins,en,NULL
2021,Zebra Girl,Action Comedy Mystery Thriller,5.2,79 mins,en,NULL
2021,Zack Snyder's Justice League,Action Adventure Fantasy Sci-Fi,8,242 mins,en,R
2021,You Me & the Christmas Trees,Action Romance,6.3,84 mins,en,NULL
2021,You're Watching Video Music Box,Action Documentary,7.7,92 mins,en,NULL
2021,You Keep the Kids,Action Comedy,6,90 mins,es,NULL
2021,You Had Me at Aloha,Action Drama Romance,6.4,85 mins,en,NULL
2021,You Are Not My Mother,Action Drama Horror,5.8,93 mins,en,NULL
2021,Yes Day,Action Comedy Family,5.7,86 mins,en,PG
2021,Xtreme,Action Adventure Crime Drama Fantasy Thriller,5.8,111 mins,es,NULL
2021,Wyrmwood: Apocalypse,Action Horror,5.4,88 mins,en,NULL
2021,Wrong Turn,Action Horror Thriller,5.5,109 mins,en,R
2021,Wrath of Man,Action Crime Thriller,7.1,119 mins,en,R
2021,Workhorse Queen,Action Documentary,7.1,88 mins,en,NULL
2021,Woodstock 99: Peace Love and Rage,Action Documentary Music,7.1,110 mins,en,NULL
2021,Woodlands Dark and Days Bewitched: A History of Folk Horror,Action Documentary,7.7,194 mins,en,NULL
2021,Women Is Losers,Action Drama,5.5,84 mins,en,NULL
2021,Women Is Losers,Action Drama,5.5,84 mins,en,NULL
2021,Wolfgang,Action Biography Documentary,6.9,78 mins,en,NULL
2021,Wolf,Drama Mystery Thriller,5.7,99 mins,en,R
2021,Without Remorse,Action Adventure Thriller War,5.7,109 mins,en,R
2021,Wish Dragon,Action Adventure Animation Comedy Family Fantasy Romance,7.2,98 mins,en,PG
2021,Wired Shut,Action Horror Thriller,5.8,95 mins,en,NULL
2021,Willy's Wonderland,Action Comedy Horror Thriller,5.5,88 mins,en,NULL
2021,Wildhood,Action Drama Romance,6.8,108 mins,en,NULL
2021,Wild Indian,Action Crime Drama Mystery Thriller,5.8,90 mins,en,NULL
2021,Wild Game,Action Drama,5.2,90 mins,en,NULL
2021,Wicked,Action Drama Fantasy Romance,5.3,114 mins,en,NULL
2021,Why Did You Kill Me?,Action Crime Documentary,5.6,83 mins,en,NULL
2021,Who is Bill Rebane?,Action Documentary,6.8,115 mins,en,NULL
2021,Who We Are: A Chronicle of Racism in America,Action Documentary,6.5,117 mins,en,PG-13
2021,Who Killed the KLF?,Action Documentary Music,7,88 mins,en,NULL
2021,Where the Land Meets the Sky,Action Drama Family,4.9,85 mins,en,NULL
2021,Where Is Anne Frank,Action Animation Drama Family History,6.4,99 mins,en,NULL
2021,When Today Ends,Action Drama,6.1,97 mins,en,NULL
2021,What?,Action Comedy,6.2,100 mins,en,NULL
2021,What She Said,Action Drama,5.9,99 mins,en,NULL
2021,What Josiah Saw,Horror Thriller,6.1,120 mins,en,NULL
2021,What Drives Us,Action Documentary,7.3,88 mins,en,NULL
2021,West Side Story,Crime Drama Musical Romance,7.2,156 mins,en,PG-13
2021,Werewolves Within,Comedy Horror Mystery,6,97 mins,en,R
2021,Welcome Matt,Action Comedy Drama,5,92 mins,en,NULL
2021,Welcome Matt,Action Comedy Drama,5,92 mins,en,NULL
2021,Wedding Cake Dreams,Action Romance,6,85 mins,en,NULL
2021,WeWork: Or the Making and Breaking of a $47 Billion Unicorn,Action Documentary,6.6,104 mins,en,NULL
2021,We're All Going to the World's Fair,Drama Horror,5.3,86 mins,en,NULL
2021,We Broke Up,Action Comedy Drama,5,80 mins,en,NULL
2021,Wash My Soul in the River's Flow,Biography Documentary History Music,8.7,90 mins,en,NULL
2021,Warming up to you,Action Comedy Romance,6.2,84 mins,en,NULL
2021,Walking with Herb,Action Comedy,5.2,110 mins,en,PG
2021,Walk With Me,Action Drama,5.4,112 mins,en,NULL
2021,WWE: Royal Rumble,Action Sport,6.9,230 mins,en,NULL
2021,Voyagers,Action Adventure Sci-Fi Thriller,5.4,108 mins,en,PG-13
2021,Volcanic UFO Mysteries,Action Documentary,6.1,62 mins,en,NULL
2021,Vivo,Action Adventure Animation Comedy Drama Family Musical,6.6,95 mins,en,PG
2021,Violet,Action Drama,5.9,92 mins,en,R
2021,Venom: Let There Be Carnage,Action Adventure Sci-Fi Thriller,5.9,97 mins,en,PG-13
2021,Vengeance Is Mine,Action Thriller,6,79 mins,en,NULL
2021,Veneciafrenia,Action Adventure Horror Thriller,5.1,100 mins,es,R
2021,Vacation Friends,Adventure Comedy,6.3,103 mins,en,R
2021,V/H/S/94,Action Horror Mystery Thriller,5.4,103 mins,en,NULL
2021,V.C. Andrews' Landry Family V.C. Andrews' Pearl in the Mist,Action Drama,6.5,87 mins,en,NULL
2021,V.C. Andrews' Landry Family V.C. Andrews' Hidden Jewel,Drama,5.6,86 mins,en,NULL
2021,Untold: Malice at the Palace,Action Crime Documentary Sport,7.5,68 mins,en,NULL
2021,Untold: Deal with the Devil,Action Crime Documentary Sport,7.3,77 mins,en,NULL
2021,Untold: Crimes and Penalties,Crime Documentary Sport,7.4,85 mins,en,NULL
2021,Untold: Caitlyn Jenner,Action Documentary Sport,6.4,69 mins,en,NULL
2021,Untold: Breaking Point,Action Documentary Sport,7.6,68 mins,en,NULL
2021,Under the Volcano,Documentary,7.6,96 mins,en,NULL
2021,UnPerfect Christmas Wish,Action Romance,5.8,90 mins,en,NULL
2021,Ultrasound,Drama Mystery Sci-Fi,5.7,103 mins,en,NULL
2021,Twyla Moves,Action Biography Documentary History Music Musical,7.1,82 mins,en,NULL
2021,Two for the Win,Action Drama Romance,6.4,85 mins,en,NULL
2021,Two Yellow Lines,Action Drama,6.9,96 mins,en,NULL
2021,Two Cents from a Pariah,Action Drama Thriller,5.6,82 mins,en,NULL
2021,Twisted Little Lies,Action Crime Drama Thriller,5.3,84 mins,en,NULL
2021,Twice Bitten,Action Drama Romance Thriller,5.8,88 mins,en,NULL
2021,Tulsa: The Fire and the Forgotten,Action Documentary History,6.3,85 mins,en,NULL
2021,Try Harder!,Action Documentary,7.2,85 mins,en,NULL
2021,Truth to Power,Action Documentary,6.8,79 mins,en,NULL
2021,Trust,Action Drama Romance Thriller,5.3,94 mins,en,NULL
2021,Truly Texas Mexican,Action Documentary,6.6,86 mins,en,NULL
2021,True Things,Action Drama,5.8,102 mins,en,NULL
2021,Trollhunters: Rise of the Titans,Action Adventure Animation Comedy Drama Family Fantasy,6.6,104 mins,en,NULL
2021,Triumph,Action Drama,5.7,100 mins,en,PG-13
2021,Trippin' with the Kandasamys,Action Comedy Romance,5,93 mins,en,NULL
2021,Trigger Point,Action Mystery Thriller,4.9,85 mins,en,NULL
2021,Trevor Noah Presents Josh Johnson: # (Hashtag),Action Comedy,5.2,60 mins,en,NULL
2021,Trees of Peace,Action Drama,6.4,97 mins,en,NULL
2021,Toying with the Holidays,Action Comedy Romance,6.3,86 mins,en,NULL
2021,Torn from Her Arms,Action Drama,6.2,86 mins,en,NULL
2021,Torn,Documentary,7.5,92 mins,en,NULL
2021,Too Soon: Comedy After 9/11,Action Documentary,6.8,90 mins,en,NULL
2021,Tony Parker: The Final Shot,Action Biography Documentary Sport,6.8,98 mins,en,NULL
2021,Tom and Jerry,Action Adventure Animation Comedy Family Fantasy,5.2,101 mins,en,PG
2021,Tollbooth,Action Comedy Crime Thriller,5.6,83 mins,en,NULL
2021,Together Together,Action Comedy Drama,6.4,90 mins,en,R
2021,Together,Comedy Drama Romance,6.2,92 mins,en,R
2021,To Which We Belong,Documentary,7,90 mins,en,NULL
2021,To Olivia,Action Biography Drama,6.3,99 mins,en,NULL
2021,To Catch a Spy,Action Mystery Romance,6.2,90 mins,en,NULL
2021,To Be Determined,Action Documentary,6.5,95 mins,en,NULL
2021,To All the Boys: Always and Forever,Comedy Drama Romance,6.3,109 mins,en,NULL
2021,Tinsel - The Lost Movie About Hollywood,Action Comedy Documentary,7.4,79 mins,en,NULL
2021,Tina and Lori,Drama,5.2,115 mins,en,NULL
2021,Tina,Action Biography Documentary History Music,7.9,118 mins,en,NULL
2021,Time for Them to Come Home for Christmas,Romance,7.2,84 mins,en,NULL
2021,Till Death,Action Horror Thriller,5.8,88 mins,en,R
2021,Those Who Wish Me Dead,Action Crime Drama Thriller,6,100 mins,en,R
2021,This is Gwar,Documentary Music,7.8,112 mins,en,NULL
2021,This Little Love of Mine,Action Romance,5.3,91 mins,en,NULL
2021,This Is the Night,Action Comedy Drama,5.4,107 mins,en,R
2021,This Is Port Adelaide,Action Documentary History Sport,6.9,90 mins,en,NULL
2021,This Is Not a War Story,Action Drama War,6,112 mins,en,NULL
2021,This Is Not a Comedy,Action Comedy Drama,4.9,105 mins,es,NULL
2021,This Is Francis X. Bushman,Action Documentary,7.4,60 mins,en,NULL
2021,Things Heard & Seen,Action Drama Horror Mystery Thriller,5.3,121 mins,en,NULL
2021,Things Don't Stay Fixed,Action Drama,4.9,100 mins,en,NULL
2021,There Is No I in Threesome,Action Documentary Drama,5.4,88 mins,en,NULL
2021,Theo Von: Regular People,Action Comedy,5,61 mins,en,NULL
2021,The Wrong Valentine,Action Drama Thriller,4.9,86 mins,en,NULL
2021,The Wonderful: Stories from the Space Station,Action Documentary,6.2,127 mins,en,NULL
2021,The Woman in the Window,Action Crime Drama Mystery Thriller,5.7,100 mins,en,R
2021,The Witcher: Nightmare of the Wolf,Action Adventure Animation Drama Fantasy Mystery,7.2,83 mins,en,NULL
2021,The Wisdom of Trauma,Action Documentary,8,87 mins,en,NULL
2021,The Wimbledon Kidnapping,Action Crime Documentary,5.9,120 mins,en,NULL
2021,The White Tiger,Action Crime Drama,7.1,125 mins,en,R
2021,The Wheel,Drama,5.9,83 mins,en,NULL
2021,The Wedding Trip,Action Comedy Romance,5.8,99 mins,en,NULL
2021,The Wedding Ring,Action Romance,5.3,85 mins,en,NULL
2021,The Wedding Ring,Action Romance,5.3,85 mins,en,NULL
2021,The Way of Miracles,Documentary,7.3,82 mins,en,NULL
2021,The War Below,Drama History War,6.5,96 mins,en,NULL
2021,The Voyeurs,Action Drama Mystery Thriller,6,116 mins,en,R
2021,The Virtuoso,Action Crime Thriller,4.9,110 mins,en,R
2021,The Village Detective: a song cycle,Documentary,6.8,81 mins,en,NULL
2021,The Velvet Underground,Action Documentary Music,7.4,121 mins,en,R
2021,The Vault,Action Adventure Thriller,6.4,118 mins,en,R
2021,The Valentine Competition,Action Romance,5.5,92 mins,en,NULL
2021,The Unwonted Sasquatch - Director's Cut,Action Documentary Mystery Sci-Fi,5.9,64 mins,en,NULL
2021,The Unwonted Sasquatch - Director's Cut,Action Documentary Mystery Sci-Fi,5.9,64 mins,en,NULL
2021,The Unspeakable,Documentary,6.7,90 mins,en,NULL
2021,The United Way,Action Documentary History Sport,7.2,90 mins,en,NULL
2021,The United States vs. Billie Holiday,Action Biography Drama Music,6.2,126 mins,en,R
2021,The United States of Insanity,Biography Documentary Music,6.8,99 mins,en,NULL
2021,The Unholy,Action Drama Horror Mystery,5.1,99 mins,en,PG-13
2021,The Unforgivable,Action Crime Drama,7.1,112 mins,en,NULL
2021,The Ultimate Playlist of Noise,Action Comedy Drama Music,6.6,99 mins,en,NULL
2021,The Trick,Action Thriller,5.8,89 mins,en,NULL
2021,The Tragedy of Macbeth,Drama History Mystery Thriller War,7.1,105 mins,en,NULL
2021,The Toolbox Killer,Action Biography Crime Documentary,6.3,89 mins,en,NULL
2021,The Tomorrow War,Action Adventure Drama Sci-Fi Thriller,6.5,138 mins,en,PG-13
2021,The Tender Bar,Action Drama,6.7,106 mins,en,R
2021,The Swim,Action Adventure Documentary,6.2,92 mins,en,NULL
2021,The Survivor,Action Biography Drama Sport,6.7,129 mins,en,R
2021,The Super Bob Einstein Movie,Biography Comedy Documentary,7.3,75 mins,en,NULL
2021,The Story of My Wife,Action Drama Romance,6.2,169 mins,en,NULL
2021,The Story of Film: A New Generation,Action Documentary,7.3,160 mins,en,NULL
2021,The Storms of Jeremy Thomas,Action Documentary,6.4,94 mins,en,NULL
2021,The Starling,Comedy Drama,6.3,102 mins,en,PG-13
2021,The Spine of Night,Action Adventure Animation Fantasy Horror Sci-Fi,6.3,93 mins,en,NULL
2021,The Sparks Brothers,Action Biography Comedy Documentary History Music,7.8,140 mins,en,R
2021,The Space Between,Action Comedy Drama,5.4,95 mins,en,R
2021,The Souvenir: Part II,Action Drama Romance,7.3,107 mins,en,R
2021,The Smartest Kids in the World,Documentary,7.6,105 mins,en,NULL
2021,The Slow Hustle,Action Crime Documentary,6.5,88 mins,en,NULL
2021,The Show,Action Documentary,7,93 mins,en,NULL
2021,The Secret of Sinchanee,Action Horror,5.2,115 mins,en,NULL
2021,The Secret Lives of College Freshmen,Thriller,5.8,90 mins,en,NULL
2021,The Seance,Horror,5,82 mins,en,NULL
2021,The Score,Action Crime Music Romance Thriller,4.9,100 mins,en,NULL
2021,The Santa Stakeout,Action Comedy Crime Drama Romance,6.4,84 mins,en,NULL
2021,The Sailor,Documentary,7.4,78 mins,en,NULL
2021,The Sacred Spirit,Comedy Drama Sci-Fi Thriller,6.6,97 mins,es,NULL
2021,The River Runner,Documentary,6.9,86 mins,en,NULL
2021,The Rise of the Anti-Vaxx Movement,Action Documentary,5.8,68 mins,en,NULL
2021,The Rise and Fall of LuLaRoe,Action Documentary,6.6,104 mins,en,NULL
2021,The Righteous,Action Drama Horror Mystery Thriller,5.7,97 mins,en,NULL
2021,The Right One,Action Comedy Romance,5.2,95 mins,en,R
2021,The Resonator: Miskatonic U,Action Fantasy Horror Sci-Fi,4.9,68 mins,en,NULL
2021,The Rescue,Action Documentary Mystery Thriller,8.3,107 mins,en,PG
2021,The Replacement,Action Adventure Crime Thriller,6.3,117 mins,es,NULL
2021,The Red Star,Action Biography Comedy Mystery,5.9,72 mins,es,NULL
2021,The Real Charlie Chaplin,Action Documentary,7.3,114 mins,en,NULL
2021,The Razz Guy,Comedy Fantasy,6.3,99 mins,en,NULL
2021,The Race to Save the World,Action Documentary,5.2,102 mins,en,NULL
2021,The Protu00e9gu00e9,Action Crime Thriller,6.1,109 mins,en,R
2021,The Princess Switch 3,Action Comedy Drama Family Romance,5.5,106 mins,en,NULL
2021,The Price of Freedom,Action Documentary History,5.2,94 mins,en,NULL
2021,The Power of the Dog,Action Drama Romance Western,6.8,126 mins,en,R
2021,The Power,Action Drama Fantasy Horror Mystery Thriller,5.5,92 mins,en,NULL
2021,The Pharm,Action Crime Drama Thriller,5.1,92 mins,en,NULL
2021,The Phantom,Action Documentary,6.5,82 mins,en,NULL
2021,The Perfect Family,Action Comedy,5.3,110 mins,es,NULL
2021,The Pedal Movie,Action Documentary,7.2,142 mins,en,NULL
2021,The Pebble and the Boy,Action Drama,5.8,101 mins,en,NULL
2021,The Passenger,Action Horror Sci-Fi,5.2,90 mins,es,NULL
2021,The One and Only Dick Gregory,Action Documentary,7.9,113 mins,en,NULL
2021,The One You're With,Action Comedy Romance,5.4,88 mins,en,NULL
2021,The Ogglies,Action Adventure Animation Family,5.2,85 mins,en,PG
2021,The Novice,Action Drama Sport Thriller,6.5,97 mins,en,R
2021,The Nine Kittens of Christmas,Action Comedy Drama Family Fantasy Romance,6.6,84 mins,en,NULL
2021,The New York Times Presents Framing Britney Spears,Action Documentary,6.8,74 mins,en,NULL
2021,The Murder of Gabby Petito: Truth Lies and Social Media,Action Biography Crime Documentary Mystery,6.2,85 mins,en,NULL
2021,The Most Reluctant Convert,Action Biography Drama History,6.9,73 mins,en,NULL
2021,The Most Beautiful Boy in the World,Biography Documentary History,6.8,93 mins,en,NULL
2021,The Mitchells vs the Machines,Action Adventure Animation Comedy Family Sci-Fi,7.6,114 mins,en,NULL
2021,The Middle Man,Action Comedy Drama,5.9,95 mins,en,NULL
2021,The Mauritanian,Action Biography Drama Thriller,7.4,129 mins,en,R
2021,The Matrix Resurrections,Action Sci-Fi,5.7,148 mins,en,R
2021,The Matchmaker,Comedy Drama Family Romance,7.2,116 mins,en,NULL
2021,The Marksman,Action Adventure Drama Thriller,5.6,108 mins,en,PG-13
2021,The Map of Tiny Perfect Things,Action Comedy Fantasy Romance,6.8,98 mins,en,PG-13
2021,The Many Saints of Newark,Action Crime Drama,6.3,120 mins,en,R
2021,The Manor,Action Horror Mystery,5.3,81 mins,en,NULL
2021,The Man from Nowhere,Drama,5.9,79 mins,en,NULL
2021,The Man Who Fell from the Sky,Action Documentary,5.4,60 mins,en,NULL
2021,The Man Putin Couldn't Kill,Action Documentary,7.1,86 mins,en,NULL
2021,The Maltese Holiday,Action Romance,5,83 mins,en,NULL
2021,The Loud House Movie,Action Adventure Animation Comedy Family Musical,6.1,83 mins,en,NULL
2021,The Lost Sons,Action Documentary,7.3,98 mins,en,NULL
2021,The Lost Leonardo,Documentary Mystery,7.5,96 mins,en,PG-13
2021,The Lost Daughter,Action Drama,6.7,121 mins,en,R
2021,The Loneliest Whale: The Search for 52,Action Adventure Documentary,6.5,96 mins,en,PG
2021,The Little Things,Action Crime Drama Mystery Thriller,6.3,128 mins,en,R
2021,The Legend of the Underground,Action Documentary,6.5,86 mins,en,NULL
2021,The Legend of Molly Johnson,Action Drama History Thriller Western,6.1,109 mins,en,NULL
2021,The Laws of the Border,Action Adventure Crime Thriller,6.9,127 mins,es,NULL
2021,The Laureate,Action Drama Thriller,5.1,104 mins,en,R
2021,The Last Thing Mary Saw,Action Drama Horror Thriller,5.2,89 mins,en,NULL
2021,The Last Mountain,Action Documentary,7.2,107 mins,en,R
2021,The Last Letter from Your Lover,Action Drama Romance,6.6,110 mins,en,NULL
2021,The Last Bus,Action Drama,6.5,86 mins,en,NULL
2021,The Land of Owls,Action Drama Romance,5.7,79 mins,en,NULL
2021,The LCD Soundsystem Holiday Special,Action Comedy,6.6,65 mins,en,NULL
2021,The King's Man,Action Adventure Thriller,6.3,131 mins,en,R
2021,The Killer in My Backyard,Thriller,5.2,85 mins,en,NULL
2021,The Kids,Documentary,7.2,88 mins,en,NULL
2021,The Justice of Bunny King,Action Drama,6.6,101 mins,en,NULL
2021,The Jump,Action Documentary Family Sport,8.4,80 mins,es,NULL
2021,The Judge of Harbor County,Action Drama Western,5.4,72 mins,en,NULL
2021,The Jesus Music,Documentary,7.3,109 mins,en,PG-13
2021,The Jenkins Family Christmas,Action Comedy Drama,5.3,94 mins,en,NULL
2021,The Influencer,Action Comedy Drama Thriller,5.7,90 mins,en,NULL
2021,The Ice Road,Action Adventure Drama Thriller,5.6,109 mins,en,PG-13
2021,The Hunt for Planet B,Action Documentary,6.5,93 mins,en,NULL
2021,The Humans,Action Drama,6.2,108 mins,en,R
2021,The Housewives of the North Pole,Action Comedy Family Music,5.5,84 mins,en,NULL
2021,The Housewife and the Hustler,Action Crime Documentary Drama,6.3,68 mins,en,NULL
2021,The House of Snails,Adventure Horror Thriller,4.9,104 mins,es,NULL
2021,The House of Flowers: The Movie,Action Comedy Drama,5.5,86 mins,es,NULL
2021,The Horrific Evil Monsters,Action Comedy Horror,5.2,70 mins,en,NULL
2021,The Holiday Fix Up,Action Drama Romance,6.4,84 mins,en,NULL
2021,The Healing Garden,Action Family,5.8,95 mins,en,NULL
2021,The Hating Game,Action Comedy Romance,6.2,102 mins,en,R
2021,The Harder They Fall,Action Drama Western,6.5,139 mins,en,R
2021,The Guilty,Action Crime Drama Thriller,6.3,90 mins,en,R
2021,The Green Sea,Action Drama Mystery,5.2,104 mins,en,NULL
2021,The Green Knight,Action Adventure Drama Fantasy,6.6,130 mins,en,R
2021,The Grandmother,Horror,5.9,100 mins,es,R
2021,The Grand Duke of Corsica,Action Comedy Drama,4.9,93 mins,en,NULL
2021,The Good Father: The Martin MacNeill Story,Action Crime,5.9,87 mins,en,NULL
2021,The Good Boss,Comedy Drama,7.2,116 mins,es,NULL
2021,The Girl in the Window,Action Thriller,5,90 mins,en,NULL
2021,The Girl Who Got Away,Action Horror Thriller,5.4,116 mins,en,NULL
2021,The Girl Who Believes in Miracles,Action Drama Family,5.4,100 mins,en,PG
2021,The Gig Is Up,Action Documentary,6.8,88 mins,en,NULL
2021,The Ghost and the Tout Too,Comedy Fantasy,6.3,111 mins,en,NULL
2021,The French Dispatch,Action Comedy Drama Romance,7.2,107 mins,en,R
2021,The Found Footage Phenomenon,Action Documentary,6.5,101 mins,en,NULL
2021,The Forgiven,Action Drama,5.8,117 mins,en,R
2021,The Forever Purge,Action Horror Thriller,5.4,103 mins,en,R
2021,The Forever Prisoner,Action Crime Documentary,7.3,119 mins,en,NULL
2021,The First Wave,Action Documentary History,6.9,93 mins,en,R
2021,The Final Code,Action Drama,5.7,123 mins,en,NULL
2021,The Fallout,Drama,7,96 mins,en,R
2021,The Fabulous Filipino Brothers,Action Comedy Romance,6,99 mins,en,NULL
2021,The Eyes of Tammy Faye,Biography Drama History Romance,6.6,126 mins,en,PG-13
2021,The Exorcism of God,Drama Horror,5.3,98 mins,en,R
2021,The Exchange,Comedy Drama,5.6,93 mins,en,NULL
2021,The Eternal Moment,Action Documentary,7.8,90 mins,es,NULL
2021,The Enormity of Life,Action Comedy,6,102 mins,en,NULL
2021,The Enchanted Christmas Cake,Action Romance,5.3,90 mins,en,NULL
2021,The Electrical Life of Louis Wain,Biography Drama History,6.8,111 mins,en,PG-13
2021,The Dog Who Wouldn't Be Quiet,Action Drama,6.3,73 mins,es,NULL
2021,The Dig,Action Biography Drama History,7.1,112 mins,en,PG-13
2021,The Devil's Ring,Action Drama,5.9,95 mins,en,NULL
2021,The Demented,Action Horror Mystery Thriller,5,96 mins,en,NULL
2021,The Deep House,Action Drama Horror Mystery Thriller,5.4,85 mins,en,NULL
2021,The Day Sports Stood Still,Action Documentary Sport,5.8,84 mins,en,NULL
2021,The Daughter,Adventure Thriller,6.2,122 mins,es,NULL
2021,The Cursed,Action Fantasy Horror Mystery,6.2,111 mins,en,R
2021,The Conservation Game,Documentary,7,107 mins,en,PG-13
2021,The Conjuring: The Devil Made Me Do It,Action Horror Mystery Thriller,6.3,112 mins,en,R
2021,The Colour Room,Action Drama,6.7,108 mins,en,NULL
2021,The Colony,Action Adventure Sci-Fi Thriller,5.3,104 mins,en,R
2021,The Clue to Love,Action Romance,5.4,84 mins,en,NULL
2021,The Cleveland Kidnappings,Action Crime Documentary,6.8,91 mins,en,NULL
2021,The Cleaner,Action Crime Drama Mystery Thriller,5.1,93 mins,en,NULL
2021,The Chronicle Mysteries Helped to Death,Action Crime Drama Mystery,6.8,86 mins,en,NULL
2021,The Christmas Promise,Action Drama,6.7,84 mins,en,NULL
2021,The Christmas Pitch,Action Comedy Romance,5.7,83 mins,en,NULL
2021,The Christmas Contest,Action Drama Romance,5.8,83 mins,en,NULL
2021,The Children of God,Action Documentary,5.3,69 mins,es,NULL
2021,The Card Counter,Action Crime Drama Thriller,6.2,111 mins,en,R
2021,The Cabin,Action Drama,5.5,75 mins,en,NULL
2021,The Boss Baby: Family Business,Action Adventure Animation Comedy Family Fantasy,5.8,107 mins,en,PG
2021,The Black Phone,Horror Thriller,7,103 mins,en,R
2021,The Big Rant,Action Comedy Drama,7.2,84 mins,en,NULL
2021,The Bezonians,Action Crime Drama Thriller,6.1,98 mins,en,NULL
2021,The Beta Test,Action Comedy Horror Thriller,6.1,93 mins,en,NULL
2021,The Beatles and India,Action Documentary Music,6.5,96 mins,en,NULL
2021,The Ballad of Billy McCrae,Action Thriller,5.3,93 mins,en,NULL
2021,The Baker's Son,Action Comedy Fantasy Romance,6.2,87 mins,en,NULL
2021,The Automat,Action Documentary,7.6,79 mins,en,NULL
2021,The Art of Incarceration,Action Documentary,7.8,81 mins,en,NULL
2021,The Alpines,Drama Horror Mystery Thriller,5,93 mins,en,NULL
2021,The Addams Family 2,Action Adventure Animation Comedy Family Fantasy Horror,5.4,93 mins,en,PG
2021,The Act of Reading,Action Documentary,6.2,87 mins,en,NULL
2021,The 43rd Annual Kennedy Center Honors,Action,6.4,91 mins,en,NULL
2021,The 27-Hour Day,Action Comedy Romance,6.7,85 mins,en,NULL
2021,The 2021 Rock & Roll Hall of Fame Induction Ceremony,Action Music,6.8,188 mins,en,NULL
2021,Terry Venables: A Man Can Dream,Action Documentary,7.2,97 mins,en,NULL
2021,Ted K,Action Biography Crime Drama,6,120 mins,en,R
2021,Tango Shalom,Action Comedy Drama Family Music,5.9,115 mins,en,PG-13
2021,Taking the Reins,Comedy Drama Romance,6.3,84 mins,en,NULL
2021,Taking the Fall,Action Drama,5.9,102 mins,en,NULL
2021,Taking a Shot at Love,Action Comedy Drama Romance,7.1,84 mins,en,NULL
2021,Take Me to Tarzana,Action Comedy,5.3,106 mins,en,NULL
2021,Symphoria,Drama Romance Thriller,7,100 mins,en,NULL
2021,Switched Before Birth,Action Drama Thriller,5.9,87 mins,en,NULL
2021,Sweetheart,Action Comedy Drama Romance,6.4,103 mins,en,NULL
2021,Sweet Pecan Summer,Action Comedy Drama Family Romance,6.2,84 mins,en,NULL
2021,Sweet Girl,Action Drama Thriller,5.5,110 mins,en,R
2021,Sweet Carolina,Drama Romance,6.8,84 mins,en,NULL
2021,Swan Song,Action Drama,7,105 mins,en,R
2021,Swan Song,Action Drama Romance Sci-Fi,6.8,112 mins,en,NULL
2021,Superior,Action Drama Thriller,5.3,99 mins,en,NULL
2021,Superhost,Action Horror Thriller,5.5,84 mins,en,NULL
2021,Super Hot,Action Comedy Horror,5.2,81 mins,en,NULL
2021,Sundown,Drama,6.5,82 mins,en,R
2021,Sunday Mornings,Action Comedy Drama Musical,6.3,72 mins,en,NULL
2021,Summer of Soul (...Or When the Revolution Could Not Be Televised),Documentary Music,8,118 mins,en,PG-13
2021,Sugar Plum Twist,Action Romance,6.2,84 mins,en,NULL
2021,Subjects of Desire,Action Documentary,7.8,103 mins,en,NULL
2021,Strip Down Rise Up,Action Documentary,5.2,112 mins,en,R
2021,Strings,Action Horror,5.3,84 mins,en,NULL
2021,Street Gang: How We Got to Sesame Street,Action Documentary Family History,8.1,107 mins,en,PG
2021,Streamline,Action Drama Sport,5.8,86 mins,en,NULL
2021,Strawberry Mansion,Action Adventure Comedy Drama Fantasy Romance Sci-Fi,6.4,91 mins,en,NULL
2021,Strange Friends,Action Drama Mystery,5.8,97 mins,en,NULL
2021,Straight Outta Nowhere: Scooby-Doo! Meets Courage the Cowardly Dog,Action Adventure Animation Comedy Family Fantasy Horror Mystery,6.3,78 mins,en,NULL
2021,Stowaway,Action Adventure Drama Sci-Fi Thriller,5.6,116 mins,en,NULL
2021,Storm Lake,Action Documentary,7,85 mins,en,NULL
2021,Stop and Go,Action Comedy Drama,5.9,80 mins,en,NULL
2021,Stillwater,Crime Drama Thriller,6.6,139 mins,en,R
2021,Steve McQueen: The Lost Movie,Action Biography Documentary Sport,6.6,87 mins,en,NULL
2021,Stars Fell on Alabama,Action Comedy Drama Romance,5.5,103 mins,en,PG-13
2021,Stallone: Frank That Is,Action Biography Documentary,6.4,73 mins,en,NULL
2021,Spring,Action Drama Romance,5.4,87 mins,en,NULL
2021,Spirit Untamed,Adventure Animation Comedy Family Western,5.5,88 mins,en,PG
2021,Spiral,Action Adventure Crime Drama Horror Mystery Thriller,5.2,93 mins,en,R
2021,Spin,Action Comedy Family Music Romance,6,93 mins,en,NULL
2021,Spider-Man: No Way Home,Action Adventure Fantasy Sci-Fi,8.3,148 mins,en,PG-13
2021,Spencer,Biography Drama,6.6,117 mins,en,R
2021,Space Titans: Musk Bezos Branson,Action Documentary,5.4,120 mins,en,NULL
2021,Soy Rada: Serendipity,Action Comedy,6.1,68 mins,es,NULL
2021,South of Heaven,Action Crime Drama Horror Mystery Thriller,5.7,120 mins,en,NULL
2021,South Park: Post Covid - The Return of Covid,Action Animation Comedy,7.5,62 mins,en,NULL
2021,South Beach Love,Action Comedy Drama Romance,6,83 mins,en,NULL
2021,Sounds Like Love,Action Comedy Music Romance,5.4,110 mins,es,NULL
2021,Sonsational,Action Documentary Sport,5.8,88 mins,en,NULL
2021,Songs for a Sloth,Action Comedy Drama Music,5.7,85 mins,en,NULL
2021,Son,Action Horror Thriller,5.6,98 mins,en,NULL
2021,Sometime Other Than Now,Action Drama Romance,5.8,89 mins,en,NULL
2021,Sold Out,Action Drama Music Romance,5.7,91 mins,en,NULL
2021,Soccer Mom Madam,Action Drama,5.4,88 mins,en,NULL
2021,Snowkissed,Action Comedy Romance,6.1,84 mins,en,NULL
2021,Snakehead,Action Crime Drama Thriller,5.1,97 mins,en,NULL
2021,Snake Eyes,Action Adventure Crime Fantasy Sci-Fi Thriller,5.3,121 mins,en,PG-13
2021,Small Engine Repair,Action Comedy Drama Thriller,6.5,102 mins,en,R
2021,Small City,Action Thriller,4.9,74 mins,en,NULL
2021,Slumber Party Massacre,Action Horror,5,86 mins,en,NULL
2021,Slapface,Action Horror Thriller,5.1,85 mins,en,NULL
2021,Skateshop,Action Comedy Sport,6.7,62 mins,en,NULL
2021,Skater Girl,Action Drama Family Sport,6.6,107 mins,en,PG
2021,Sisters on Track,Action Documentary Sport,5.8,96 mins,en,PG
2021,Sister Swap: A Hometown Holiday,Action Comedy Romance,6.3,83 mins,en,NULL
2021,Sir Alex Ferguson: Never Give In,Action Documentary,8.2,108 mins,en,PG-13
2021,Single All the Way,Comedy Drama Romance,6.1,99 mins,en,NULL
2021,Sing 2,Action Adventure Animation Comedy Family Musical,7.4,110 mins,en,PG
2021,Simple as Water,Action Documentary,6.8,97 mins,en,NULL
2021,Silk Road,Action Crime Drama Thriller,5.9,112 mins,en,R
2021,Silent Night,Action Comedy Crime Drama Horror Mystery,5.7,92 mins,en,NULL
2021,Silent Hours,Action Crime Thriller,5.2,156 mins,en,NULL
2021,Show Me the Father,Documentary Drama,6.6,91 mins,en,PG
2021,Shoplifters of the World,Action Comedy Drama,5.3,90 mins,en,NULL
2021,Shock Docs The Exorcism of Roland Doe,Action Documentary,6.5,84 mins,en,NULL
2021,Shock Docs Amityville Horror House,Documentary,6.4,88 mins,en,NULL
2021,Shepherd,Action Horror Mystery,4.9,103 mins,en,R
2021,She Will,Action Comedy Drama Horror Thriller,5.4,95 mins,en,NULL
2021,Shatner in Space,Action Documentary,6.9,60 mins,en,NULL
2021,Shang-Chi and the Legend of the Ten Rings,Action Adventure Fantasy Sci-Fi,7.4,132 mins,en,PG-13
2021,Shadow Game,Documentary,7.6,90 mins,en,NULL
2021,Seven Deadly Sins: Lust,Action Drama Mystery Romance,5.4,87 mins,en,NULL
2021,Set!,Documentary,7.3,105 mins,en,NULL
2021,Senior Moment,Action Comedy Drama Romance,5.9,92 mins,en,NULL
2021,See for Me,Action Crime Drama Mystery Thriller,5.8,92 mins,en,NULL
2021,See You Then,Action Drama,5.6,74 mins,en,NULL
2021,See You Next Christmas,Comedy Romance,5.2,99 mins,en,NULL
2021,Seduction & Snacks,Comedy Romance,5.9,98 mins,en,NULL
2021,Secrets in the Wilderness,Thriller,5.3,86 mins,en,NULL
2021,Secretly Santa,Romance,5.2,85 mins,en,NULL
2021,Secret Santa,Action,5.6,90 mins,en,NULL
2021,Secret Agent Dingledorf and His Trusty Dog Splat,Action Comedy Family,5.5,89 mins,en,PG
2021,Second Chances,Action Drama Family,5.5,79 mins,en,NULL
2021,Seaspiracy,Action Adventure Documentary,8.1,89 mins,en,NULL
2021,Searching for Cannibal Holocaust,Documentary,5.6,87 mins,en,NULL
2021,Searching for Cannibal Holocaust,Documentary,5.6,87 mins,en,NULL
2021,Searchers,Action Documentary,5.5,81 mins,en,NULL
2021,Seance,Action Horror Mystery,5.2,92 mins,en,R
2021,Seal Team,Action Animation Comedy Family Fantasy Sci-Fi,5.5,101 mins,en,NULL
2021,Scooby-Doo! The Sword and the Scoob,Action Adventure Animation Comedy Family Fantasy Mystery,6.1,76 mins,en,NULL
2021,Schumacher,Action Biography Documentary Sport,7.4,112 mins,en,NULL
2021,Scenes from an Empty Church,Action Comedy Drama,6,98 mins,en,NULL
2021,Scarborough,Action Drama,7.1,136 mins,en,NULL
2021,Saying Yes to Christmas,Action Drama Romance,5.6,90 mins,en,NULL
2021,Saving Sloane,Action Drama Family,5.2,89 mins,en,PG
2021,Saving Paradise,Action Drama Romance,6,102 mins,en,NULL
2021,Sand Dollar Cove,Action Comedy Drama Romance,6.2,84 mins,en,NULL
2021,Samantha Rose,Drama,6.8,94 mins,en,NULL
2021,Salt-N-Pepa,Action Drama Music,6,127 mins,en,NULL
2021,Saints & Sinners Judgment Day,Action Drama,6.4,88 mins,en,NULL
2021,SAS: Red Notice,Action Thriller,5.2,124 mins,en,R
2021,Rushed,Crime Drama Horror Mystery Thriller,6,101 mins,en,NULL
2021,Rumble,Action Adventure Animation Comedy Family Fantasy Sport,5.9,95 mins,en,PG
2021,Rumba Love,Action Drama Musical Romance,6.8,103 mins,en,NULL
2021,Royal Blossom,Action Romance,5.5,85 mins,en,NULL
2021,Rose West: Born Evil?,Biography Crime Documentary,6.2,69 mins,en,NULL
2021,Ron's Gone Wrong,Action Adventure Animation Comedy Family Sci-Fi,7,107 mins,en,PG
2021,Romeo Santos: King of Bachata,Action Documentary Music,7.3,92 mins,en,NULL
2021,Romeo & Juliet,Action Drama Romance,7.4,95 mins,en,NULL
2021,Roller Squad,Action Comedy,5.5,86 mins,en,NULL
2021,Rock Dog 2: Rock Around the Park,Action Adventure Animation Comedy Family Music,4.9,87 mins,en,NULL
2021,Robin Roberts Presents: Mahalia,Action Biography Drama,7.4,102 mins,en,NULL
2021,Robbo: The Bryan Robson Story,Action Documentary,7.5,103 mins,en,NULL
2021,Roadrunner: A Film About Anthony Bourdain,Action Documentary,7.7,119 mins,en,R
2021,Road to Perth,Action Drama,5.2,82 mins,en,NULL
2021,Road to Damascus,Action Crime Drama Mystery Thriller,5.4,98 mins,en,NULL
2021,Road to Damascus,Action Crime Drama Mystery Thriller,5.4,98 mins,en,NULL
2021,Riverdance: The Animated Adventure,Adventure Animation Comedy Fantasy Musical,5.4,90 mins,en,NULL
2021,River's End: California's Latest Water War,Action Documentary,7.9,81 mins,en,NULL
2021,River,Documentary,7.2,75 mins,en,NULL
2021,Rise of the Footsoldier: Origins,Action Crime Drama,5.8,107 mins,en,NULL
2021,Rise and Shine Benedict Stone,Action Drama,6.8,84 mins,en,NULL
2021,Rise Again: Tulsa and the Red Summer,Action Documentary,6.6,90 mins,en,NULL
2021,Right in Front of Me,Action Comedy Drama Romance,6.6,84 mins,en,NULL
2021,Ride the Eagle,Action Comedy Drama,6.3,88 mins,en,NULL
2021,Rhapsody of Love,Action Comedy Romance,5.7,86 mins,en,NULL
2021,Revealed: The Hunt for Bin Laden,Action Documentary,6.5,85 mins,en,NULL
2021,Resurgence,Action Documentary Sport,7.1,110 mins,en,NULL
2021,Respect,Biography Drama Music,6.5,145 mins,en,PG-13
2021,Resort to Love,Action Comedy Romance,5.7,101 mins,en,NULL
2021,Resident Evil: Welcome to Raccoon City,Action Horror Sci-Fi,5.2,107 mins,en,R
2021,Repeat,Action Drama Mystery Sci-Fi Thriller,4.9,95 mins,en,NULL
2021,Reopening Night,Action Documentary,6.1,85 mins,en,NULL
2021,Reno 911!: The Hunt for QAnon,Action Comedy Crime,5.6,85 mins,en,NULL
2021,Reminiscence,Mystery Romance Sci-Fi Thriller,5.8,116 mins,en,PG-13
2021,Reefa,Action Drama,5.4,96 mins,en,NULL
2021,Redemption in Cherry Springs,Action Mystery,6.1,84 mins,en,NULL
2021,Redemption for Easter,Action Drama,5.6,124 mins,en,NULL
2021,Redeemed,Action Drama Family,6.6,80 mins,en,NULL
2021,Red Snow,Action Comedy Horror Thriller,4.9,80 mins,en,NULL
2021,Red Rocket,Comedy Drama,7.2,130 mins,en,R
2021,Red Notice,Action Adventure Comedy Crime Thriller,6.3,118 mins,en,PG-13
2021,Rebellion,Action Documentary,6.7,82 mins,en,NULL
2021,Rebel Hearts,Action Documentary,6.8,99 mins,en,NULL
2021,Rebel Dykes,Action Documentary,7,89 mins,en,NULL
2021,Real Talk,Action Drama,5.6,98 mins,en,NULL
2021,Reach for the Rings,Action Documentary Sport,6.6,118 mins,en,NULL
2021,Raya and the Last Dragon,Action Adventure Animation Comedy Drama Family Fantasy,7.3,107 mins,en,PG
2021,Raunch and Roll,Action Drama Music,6.9,107 mins,en,NULL
2021,Rattle-Can,Action Crime Drama Mystery Thriller,5.6,90 mins,en,NULL
2021,Range Roads,Drama,6.3,86 mins,en,NULL
2021,Quickening,Action Drama,5.4,90 mins,en,NULL
2021,Queenpins,Comedy Crime,6.3,110 mins,en,R
2021,Queen Bees,Action Comedy Drama Romance,6.2,100 mins,en,PG-13
2021,Puff: Wonders of the Reef,Documentary Family,7.2,62 mins,en,NULL
2021,Psych 3: This Is Gus,Action Comedy Crime Mystery,7.6,96 mins,en,NULL
2021,Project Pay Day,Family,6,91 mins,en,NULL
2021,Procession,Action Documentary,7.2,118 mins,en,R
2021,Private Network: Who Killed Manuel Buendu00eda?,Action Crime Documentary Mystery,6.8,100 mins,es,NULL
2021,Prince of Muck,Action Documentary,7,77 mins,en,NULL
2021,Prince Philip: The Man Behind the Throne,Action Documentary,5.2,87 mins,en,NULL
2021,Pretenders,Action Comedy,5.5,87 mins,en,NULL
2021,President,Action Documentary,7.6,120 mins,en,NULL
2021,Prayers for the Stolen,Action Drama,7.3,110 mins,es,R
2021,Pray Away,Action Documentary,6.5,101 mins,en,PG-13
2021,Potato Dreams of America,Action Biography Comedy Drama,6.2,97 mins,en,NULL
2021,Poser,Drama Music,6,87 mins,en,NULL
2021,Poly Styrene: I Am a Clichu00e9,Action Biography Documentary Music,7.1,96 mins,en,NULL
2021,Pleasure,Drama,6.3,109 mins,en,NULL
2021,Playing with Sharks: The Valerie Taylor Story,Action Adventure Documentary,7.5,95 mins,en,NULL
2021,Playing Cupid,Action Comedy Romance,6.4,84 mins,en,NULL
2021,Plan B,Action Comedy,6.7,107 mins,en,NULL
2021,Pirates,Action Comedy,5.5,80 mins,en,NULL
2021,Pig,Action Drama Mystery Thriller,6.9,92 mins,en,R
2021,Pick A Side,Action Drama,5.4,102 mins,en,NULL
2021,Phil Wang: Philly Philly Wang Wang,Comedy,6,63 mins,en,NULL
2021,Pharma Bro,Action Documentary,5,85 mins,en,NULL
2021,Peter Rabbit 2: The Runaway,Action Adventure Animation Comedy Crime Drama Family Fantasy,6.2,93 mins,en,PG
2021,Persona: The Dark Truth Behind Personality Tests,Action Documentary,5.5,85 mins,en,NULL
2021,People Just Do Nothing: Big in Japan,Action Comedy Music,6.8,97 mins,en,R
2021,Peace by Chocolate,Action Comedy Drama,6.7,96 mins,en,NULL
2021,Payback,Action Drama Thriller,5.9,91 mins,en,NULL
2021,Paul Dood's Deadly Lunch Break,Action Comedy Thriller,5.4,95 mins,en,NULL
2021,Patrice O'Neal: Killing Is Easy,Action Comedy Documentary,7.8,91 mins,en,NULL
2021,Pati Patni and Joe,Comedy Drama,6.3,106 mins,en,NULL
2021,Past Shadows,Action Drama,6.4,85 mins,en,NULL
2021,Passing,Action Drama,6.6,98 mins,en,PG-13
2021,Paranormal Activity: Next of Kin,Action Horror Mystery Thriller,5.2,98 mins,en,R
2021,Parallel Mothers,Action Drama,7.1,123 mins,es,R
2021,Paper & Glue,Documentary,8.4,94 mins,en,NULL
2021,Palmer,Action Drama,7.2,110 mins,en,R
2021,PAW Patrol: The Movie,Action Adventure Animation Comedy Family Fantasy,6.1,86 mins,en,NULL
2021,Own the Room,Action Documentary,6.5,91 mins,en,NULL
2021,Overrun,Action Comedy Crime Drama,5.4,105 mins,en,NULL
2021,Outside the Wire,Action Adventure Fantasy Sci-Fi,5.4,114 mins,en,R
2021,Outside,Action Drama,5,85 mins,en,NULL
2021,Out of Time,Action Drama Sci-Fi,5.5,92 mins,en,NULL
2021,Our Towns,Action Documentary,6.4,97 mins,en,NULL
2021,Our Lady of San Juan Four Centuries of Miracles,Action Drama History,6.2,122 mins,es,NULL
2021,Our Father,Action Comedy Drama,5.1,96 mins,en,NULL
2021,Our Dream Wedding,Action Drama Romance,5.7,87 mins,en,NULL
2021,Our Christmas Journey,Action Drama Romance,6.5,84 mins,en,NULL
2021,Otra forma de entender la vida,Action Documentary Sport,7.4,69 mins,es,NULL
2021,Oslo,Action Drama History Thriller,6.6,118 mins,en,NULL
2021,Oprah with Meghan and Harry: A CBS Primetime Special,Action Talk-Show,5.2,86 mins,en,NULL
2021,Operation Varsity Blues,Action Crime Documentary Drama,6.9,100 mins,en,R
2021,Operation Mincemeat,Action Drama War,6.6,128 mins,en,PG-13
2021,Open by Christmas,Action Romance,6.9,84 mins,en,NULL
2021,Open,Drama Romance Sport,5.9,71 mins,en,NULL
2021,One of Ours,Action Documentary,5.8,88 mins,en,NULL
2021,One and the Same,Action Mystery,6,110 mins,en,NULL
2021,One Winter Wedding,Action Drama Romance,6.1,84 mins,en,NULL
2021,One Summer,Action Drama Mystery Romance,7,84 mins,en,NULL
2021,One Shot,Action Thriller,5.6,96 mins,en,NULL
